Workbook

Sheet Lotes
A1: Código do Produto | B1: Descrição | C1: LOTE | D1: VALIDADE
A2: 107033200 | B2: AGUA PERF PATCHOULI 200ML | C2: D1943 | D2: 04/28
A3: 106012250 | B3: AGUA PERF SPLASH LOTUS PATBO 250ML | C3: H2178 | D3: 08/28
A4: 106071250 | B4: AGUA PERF SPLASH SUMMER PATBO 250ML | C4: K2363 | D4: 11/28
A5: 106028250 | B5: AGUA PERF SPLASH VANILLA PATBO 250ML | C5: J2283 | D5: 10/28
A6: 106384200 | B6: AGUA PERFUMADA ALECRIM MEDITERANEO ARABESC - 200ML | C6: 3227 | D6: 02/28
A7: 106084001 | B7: AGUA PERFUMADA ALECRIM MEDITERRANEO ARABESC - 1L | C7: K2372 | D7: 11/28
A8: 106084500 | B8: AGUA PERFUMADA ALECRIM MEDITERRANEO ARABESC - 500ML | C8: K2359 | D8: 12/28
A9: 107011500 | B9: AGUA PERFUMADA CITRUS VERBENA ARABESC - 500ML | C9: A2415 | D9: 01/29
A10: 107009500 | B10: AGUA PERFUMADA FIGO AMBARADO ARABESC - 500ML | C10: LEN101.0003 | D10: 01/29
A11: 107079500 | B11: AGUA PERFUMADA FLOR DE LARANJEIRA ELEMENTOS - 500ML | C11: 32470 | D11: 02/29
A12: 107001600 | B12: AGUA PERFUMADA FOUNTAIN CLASSIC - 500ML | C12: A2421 | D12: 01/29
... A64: 105068130 | B64: DIFUSOR DE PERFUME HAPPY PLACE SMILEY - 130ML | C64: 1728 | D64: 03/26
A65: 105003201 | B65: DIFUSOR DE PERFUME INTO THE NIGHT CLASSIC - 250ML | C65: L2412 | D65: 12/28 | F65: OK
A66: 105003001 | B66: DIFUSOR DE PERFUME INTO THE NIGHT DECOR - 220ML | C66: LEN1.0019 | D66: 12/27
A67: 10657220 | B67: DIFUSOR DE PERFUME INTO THE NIGHT URBAN - 230ML | C67: - | D67: -
A68: 105012250 | B68: DIFUSOR DE PERFUME LAVANDA ABSOLUTA ARABESC - 200ML | C68: LEN174.0005 | D68: 12/28
A69: 105017200 | B69: DIFUSOR DE PERFUME LEGNO DI MALTA ELEMENTOS - 200ML | C69: C1912 | D69: 03/28
A70: 105039130 | B70: DIFUSOR DE PERFUME LIMONCELLO LENVIE & BACIO DI LATTE - 130ML | C70: J2306 | D70: 10/28
A71: 105040200 | B71: DIFUSOR DE PERFUME LOTUS GARDEN LENVIE-PATBO - 200ML | C71: LEN79.0010 | D71: 02/29
A72: 105002201 | B72: DIFUSOR DE PERFUME LUMIERE CLASSIC - 250ML | C72: J2249 | D72: 10/28
A73: 105013250 | B73: DIFUSOR DE PERFUME MAGNOLIA PACIFICA ARABESC - 200ML | C73: LEN5.0023 | D73: 11/28
A74: 105013001 | B74: DIFUSOR DE PERFUME MAGNOLIA PACIFICA DECOR - 220ML | C74: LEN32.0027 | D74: 02/28
A75: 10659220 | B75: DIFUSOR DE PERFUME MAGNOLIA PACIFICA URBAN - 230ML | C75: - | D75: -
A76: 105027250 | B76: DIFUSOR DE PERFUME MAMY CARNEIRINHO - 250ML | C76: K2340 | D76: 11/28
A77: 105074200 | B77: DIFUSOR DE PERFUME MANDARINA CEYLON - 200ML | C77: B2468 | D77: 02/29
... A127: 104012230 | B127: HOME SPRAY LAVANDA ABSOLUTA ARABESC - 200ML | C127: 273 | D127: 11/28
A128: 104012231 | B128: HOME SPRAY LAVANDA ABSOLUTA ARABESC - 200ML
A129: 104017200 | B129: HOME SPRAY LEGNO DI MALTA - 200ML | C129: J2294 | D129: 10/28
A130: 104017201 | B130: HOME SPRAY LEGNO DI MALTA - 200ML | C130: J2294 | D130: 10/28
A131: 104002100 | B131: HOME SPRAY LUMIERE CLASSIC - 100ML | C131: B1875 | D131: 02/28
A132: 104013100 | B132: HOME SPRAY MAGNOLIA PACIFICA ARABESC - 100ML | C132: 251 | D132: 11/28
A133: 104013999 | B133: HOME SPRAY MAGNOLIA PACIFICA ARABESC - 1L | C133: HLMP25071 | D133: 07/27
A134: 104013230 | B134: HOME SPRAY MAGNOLIA PACIFICA ARABESC - 200ML | C134: 250 | D134: 11/28
A135: 104013200 | B135: HOME SPRAY MAGNOLIA PACIFICA ARABESC - 200ML
A136: 104027250 | B136: HOME SPRAY MAMY CARNEIRINHO - 250ML | C136: J2267 | D136: 10/28
A137: 104015999 | B137: HOME SPRAY MANDARINA CEYLON ARABESC - 1L | C137: LHLMA26011 | D137: 01/28
A138: 104074200 | B138: HOME SPRAY MANDARINA CEYLON ARABESC - 200ML | C138: 186 | D138: 10/28
A139: 104188200 | B139: HOME SPRAY MUSGO DE CARVALHO ELEMENTOS - 200ML | C139: 336 | D139: 12/28
A140: 104033100 | B140: HOME SPRAY PATCHOULI VANILLA ARABESC - 100ML | C140: 388 | D140: 01/29
A141: 104033999 | B141: HOME SPRAY PATCHOULI VANILLA ARABESC - 1L | C141: HLPV2505 | D141: 05/27
A142: 104033200 | B142: HOME SPRAY PATCHOULI VANILLA ARABESC - 200ML | C142: 285 | D142: 11/28
A143: 10352250 | B143: HOME SPRAY PEPINO E ERVAS VERDES 250ML | C143: LEN236.0005 | D143: 11/28
A144: 104083200 | B144: HOME SPRAY PESSEGO ORIENTAL ELEMENTOS - 200ML | C144: I2219 | D144: 09/28
A145: 106146200 | B145: HOME SPRAY PINK PEONY - 200ML | C145: - | D145: -
A146: 106148200 | B146: HOME SPRAY RED VANILLA - 200ML | C146: - | D146: -
A147: 104018250 | B147: HOME SPRAY SUNSET ROSE ELEMENTOS - 250ML | C147: K2330 | D147: 11/28
... A151: 10100200 | B151: KIT AGUA PERF MIX 3 UN 200ML | C151: J2269 | D151: 10/28
A152: 10139274 | B152: KIT AROMATIZADOR ELETRICO + BARRA DE CERA PERFUMADA FIGO AMBARADO 40G | C152: {=XLOOKUP(A152,Kits!$C:$C,Kits!$E:$E)} -> 2025210BLEFA | D152: {=XLOOKUP(A152,Kits!$C:$C,Kits!$F:$F)} -> 02/27
A153: 10134074 | B153: KIT AROMATIZADOR ELETRICO + BARRA DE CERA PERFUMADA FLOR DE LARANJEIRA 40G | C153: {=XLOOKUP(A153,Kits!$C:$C,Kits!$E:$E)} -> 20252207BLEFL | D153: {=XLOOKUP(A153,Kits!$C:$C,Kits!$F:$F)} -> 07/27
A154: 10137474 | B154: KIT AROMATIZADOR ELETRICO + BARRA DE CERA PERFUMADA MAGNOLIA PACIFICA 40G | C154: {=XLOOKUP(A154,Kits!$C:$C,Kits!$E:$E)} -> 20252207BLEMA | D154: {=XLOOKUP(A154,Kits!$C:$C,Kits!$F:$F)} -> 07/27
A155: 10131874 | B155: KIT AROMATIZADOR ELETRICO + BARRA DE CERA PERFUMADA SUNSET ROSE 40G | C155: {=XLOOKUP(A155,Kits!$C:$C,Kits!$E:$E)} -> 20252602BLESR | D155: {=XLOOKUP(A155,Kits!$C:$C,Kits!$F:$F)} -> 02/27
A156: 14099020 | B156: KIT AROMATIZADOR ELETRICO + OLEO CONCENTRADO FIGO AMBARADO - 20ML | C156: {=XLOOKUP(A156,Kits!$C:$C,Kits!$E:$E)} -> OLFA2506 | D156: {=XLOOKUP(A156,Kits!$C:$C,Kits!$F:$F)} -> 06/27
A157: 14097920 | B157: KIT AROMATIZADOR ELETRICO + OLEO CONCENTRADO FLOR DE LANJEIRA - 20ML | C157: {=XLOOKUP(A157,Kits!$C:$C,Kits!$E:$E)} -> OLFL2510 | D157: {=XLOOKUP(A157,Kits!$C:$C,Kits!$F:$F)} -> 10/27
A158: 14090020 | B158: KIT AROMATIZADOR ELETRICO + OLEO CONCENTRADO INTO THE NIGHT - 20ML | C158: {=XLOOKUP(A158,Kits!$C:$C,Kits!$E:$E)} -> OLIN2508 | D158: {=XLOOKUP(A158,Kits!$C:$C,Kits!$F:$F)} -> 08/27
A159: 14012020 | B159: KIT AROMATIZADOR ELETRICO + OLEO CONCENTRADO LAVANDA ABSOLUTA - 20ML | C159: {=XLOOKUP(A159,Kits!$C:$C,Kits!$E:$E)} -> OLLA2511 | D159: {=XLOOKUP(A159,Kits!$C:$C,Kits!$F:$F)} -> 11/27
A160: 14093020 | B160: KIT AROMATIZADOR ELETRICO + OLEO CONCENTRADO MAGNOLIA PACIFICA - 20ML | C160: {=XLOOKUP(A160,Kits!$C:$C,Kits!$E:$E)} -> OLMP2512 | D160: {=XLOOKUP(A160,Kits!$C:$C,Kits!$F:$F)} -> 12/27
A161: 14090220 | B161: KIT AROMATIZADOR ELETRICO + OLEO CONCENTRADO MANDARINA CEYLON - 20ML | C161: {=XLOOKUP(A161,Kits!$C:$C,Kits!$E:$E)} -> OLMC | D161: {=XLOOKUP(A161,Kits!$C:$C,Kits!$F:$F)} -> 12/27
A162: 14093320 | B162: KIT AROMATIZADOR ELETRICO + OLEO CONCENTRADO PATCHOULI VANILLA - 20ML | C162: {=XLOOKUP(A162,Kits!$C:$C,Kits!$E:$E)} -> OLPV2510 | D162: {=XLOOKUP(A162,Kits!$C:$C,Kits!$F:$F)} -> 10/27
A163: 14098020 | B163: KIT AROMATIZADOR ELETRICO + OLEO CONCENTRADO SUNSET ROSE - 20ML | C163: {=XLOOKUP(A163,Kits!$C:$C,Kits!$E:$E)} -> OLSR2510 | D163: {=XLOOKUP(A163,Kits!$C:$C,Kits!$F:$F)} -> 10/27
A164: 104012210 | B164: VELA PERFUMADA ROSEWOOD 210G | C164: 1484 | D164: 02/27
A165: 10408470 | B165: KIT DE 4 MINI VELAS LENVIE & BACIO DI LATTE - 70G | C165: 1718 | D165: 10/27
A166: 90100001 | B166: KIT DIF E SAB LIQ MAGNOLIA 150ML | C166: LEN215.0003 | D166: 09/28
A167: 106130172 | B167: KIT ESPECIAL DE NATAL 25.12.24 | C167: S/L | D167: 09/26
A168: 14052940 | B168: KIT FIGO BARRA DE CERA 40G 5 UN | C168: {=XLOOKUP(A168,Kits!$C:$C,Kits!$E:$E)} -> 2025210BLEFA | D168: {=XLOOKUP(A168,Kits!$C:$C,Kits!$F:$F)} -> 02/27
A169: 14057950 | B169: KIT FLOR BARRA DE CERA 40G 5 UN | C169: {=XLOOKUP(A169,Kits!$C:$C,Kits!$E:$E)} -> 20252207BLEFL | D169: {=XLOOKUP(A169,Kits!$C:$C,Kits!$F:$F)} -> 07/27
A170: 14109640 | B170: KIT MAGNOLIA BARRA DE CERA 40G 10 UN | C170: {=XLOOKUP(A170,Kits!$C:$C,Kits!$E:$E)} -> 20252207BLEMA | D170: {=XLOOKUP(A170,Kits!$C:$C,Kits!$F:$F)} -> 07/27
A171: 14059640 | B171: KIT MAGNOLIA BARRA DE CERA 40G 5 UN | C171: {=XLOOKUP(A171,Kits!$C:$C,Kits!$E:$E)} -> 20252207BLEMA | D171: {=XLOOKUP(A171,Kits!$C:$C,Kits!$F:$F)} -> 07/27
A172: 10705027 | B172: KIT MAMY AGUA 500ML E DIF 250ML | C172: E2004/H2161 | D172: {=XLOOKUP(A172,Kits!$C:$C,Kits!$F:$F)} -> 01/29
A173: 10704027 | B173: KIT MAMY AGUA 500ML E HOME SPRAY 250ML | C173: {=XLOOKUP(A173,Kits!$C:$C,Kits!$E:$E)} -> A2416/J2267 | D173: {=XLOOKUP(A173,Kits!$C:$C,Kits!$F:$F)} -> 01/29
A174: 106130170 | B174: KIT NATAL 2024 | C174: - | D174: -
A175: 10058340 | B175: KIT PESSEGO BARRA DE CERA 40G 5 UN | C175: {=XLOOKUP(A175,Kits!$C:$C,Kits!$E:$E)} -> 20240602BLEPE | D175: {=XLOOKUP(A175,Kits!$C:$C,Kits!$F:$F)} -> 02/27
A176: 102022150 | B176: KIT SABONETE VEGETAL EM BARRA ALECRIM MEDITERRANEO - 2x150G | C176: {=XLOOKUP(A176,Kits!$C:$C,Kits!$E:$E)} -> 240104 | D176: {=XLOOKUP(A176,Kits!$C:$C,Kits!$F:$F)} -> 10/27
A177: 102022380 | B177: KIT SABONETE VEGETAL EM BARRA ALECRIM MEDITERRANEO - 3x80G | C177: 250101 | D177: 07/28
A178: 102092150 | B178: KIT SABONETE VEGETAL EM BARRA FIGO AMBARADO - 2x150G | C178: {=XLOOKUP(A178,Kits!$C:$C,Kits!$E:$E)} -> 240205 | D178: {=XLOOKUP(A178,Kits!$C:$C,Kits!$F:$F)} -> 10/27
A179: 102079380 | B179: KIT SABONETE VEGETAL EM BARRA FIGO AMBARADO - 3x80G | C179: {=XLOOKUP(A179,Kits!$C:$C,Kits!$E:$E)} -> 250201 | D179: {=XLOOKUP(A179,Kits!$C:$C,Kits!$F:$F)} -> 09/28
A180: 102062150 | B180: KIT SABONETE VEGETAL EM BARRA MAGNOLIA PACIFICA - 2x150G | C180: {=XLOOKUP(A180,Kits!$C:$C,Kits!$E:$E)} -> 240303 | D180: {=XLOOKUP(A180,Kits!$C:$C,Kits!$F:$F)} -> 08/28
A181: 102026380 | B181: KIT SABONETE VEGETAL EM BARRA MAGNOLIA PACIFICA - 3x80G | C181: {=XLOOKUP(A181,Kits!$C:$C,Kits!$E:$E)} -> 250302 | D181: {=XLOOKUP(A181,Kits!$C:$C,Kits!$F:$F)} -> 07/28
A182: 102040445 | B182: KIT SABONETE VEGETAL EM BARRA PATBO MIX 3 UNIDADES 150G | C182: {=XLOOKUP(A182,Kits!$C:$C,Kits!$E:$E)} -> 250601 | D182: {=XLOOKUP(A182,Kits!$C:$C,Kits!$F:$F)} -> 03/28
A183: 102059380 | B183: KIT SABONETE VEGETAL HIDRATANTE TERRA DO SOL 3 UN 80G | C183: 250704 | D183: 10/28
A184: 14051340 | B184: KIT SUNSET BARRA DE CERA 40G 5 UN | C184: {=XLOOKUP(A184,Kits!$C:$C,Kits!$E:$E)} -> 20252602BLESR | D184: {=XLOOKUP(A184,Kits!$C:$C,Kits!$F:$F)} -> 02/27
A185: 114029020 | B185: OLEO CONCENTRADO ALECRIM MEDITERRANEO ARABESC - 20ML | C185: OLAM2510 | D185: 10/27
A186: 114076020 | B186: OLEO CONCENTRADO CITRUS VERBENA ARABESC - 20ML | C186: OLCV2511 | D186: 11/27
A187: 114063020 | B187: OLEO CONCENTRADO FIGO AMBARADO ARABESC - 20ML | C187: OLFA2506 | D187: 06/27
A188: 114067020 | B188: OLEO CONCENTRADO FLOR DE LARANJEIRA ELEMENTOS - 20ML | C188: OLFL2510 | D188: 10/27
A189: 114049020 | B189: OLEO CONCENTRADO INTO THE NIGHT CLASSIC - 20ML | C189: OLIN2508 | D189: 08/27
A190: 114020020 | B190: OLEO CONCENTRADO LAVANDA ABSOLUTA ARABESC - 20ML | C190: OLLA2511 | D190: 11/27
A191: 114022020 | B191: OLEO CONCENTRADO MAGNOLIA PACIFICA - 20ML | C191: OLMP2512 | D191: 12/27 | F191: OK
A192: 114074020 | B192: OLEO CONCENTRADO MANDARINA CEYLON ARABESC - 20ML | C192: OLMC | D192: 12/27 | F192: OK
A193: 114047020 | B193: OLEO CONCENTRADO MUSGO DE CARVALHO ELEMENTOS - 20ML | C193: OLM2502 | D193: 02/27
A194: 111088020 | B194: OLEO CONCENTRADO MUSGO DE CARVALHO ELEMENTOS - 20ML
A195: 114032020 | B195: OLEO CONCENTRADO PATCHOULI VANILLA - ARABESC - 20ML | C195: OLPV2510 | D195: 10/27
A196: 114083020 | B196: OLEO CONCENTRADO PESSEGO ORIENTAL - ELEMENTOS - 20ML | C196: OLPO24091 | D196: 09/26
A197: 114061020 | B197: OLEO CONCENTRADO SUNSET ROSE - ELEMENTOS - 20ML | C197: OLSR2510 | D197: 10/27
A198: 110201220 | B198: OLEO CONCENTRADO ROSEWOOD -20ML | C198: LEN120.0002 | D198: 06/26
A199: 10608460 | B199: PROVADOR SPRAY ALECRIM MEDITERRANEO ARABESC - 60ML | C199: HLAM2510 | D199: 10/27
A200: 105024060 | B200: PROVADOR SPRAY AMBAR & PATCHOULI URBAN 60ML | C200: LEN193.0003 | D200: 01/29
A201: 12508460 | B201: PROVADOR SPRAY BACIO DI LATTE LENVIE & BACIO DI LATTE - 60ML | C201: I2213 | D201: 09/28
A202: 105072060 | B202: PROVADOR SPRAY BERGAMOTA & FRAMBOESA URBAN 60ML | C202: LEN1910003 | D202: 10/28
A203: 106198120 | B203: PROVADOR SPRAY BLUE LOTUS PANTONE - 60ML | C203: - | D203: -
...

Sheet Kits
A1: Código item | C1: Código do Produto | D1: Descrição | E1: LOTE | F1: VALIDADE
A2: 107027500 | B2: 105027250 | C2: 10705027 | D2: KIT MAMY AGUA 500ML E DIF 250ML | E2: {=CONCATENATE(XLOOKUP($A2,Lotes!$A:$A,Lotes!$C:$C),"/",XLOOKUP($B2,Lotes!$A:$A,Lotes!$C:$C))} -> A2416/K2340 | F2: {=XLOOKUP($A2,Lotes!$A:$A,Lotes!$D:$D)} -> 01/29
A3: 107027500 | B3: 104027250 | C3: 10704027 | D3: KIT MAMY AGUA 500ML E HOME SPRAY 250ML | E3: {=CONCATENATE(XLOOKUP($A3,Lotes!$A:$A,Lotes!$C:$C),"/",XLOOKUP($B3,Lotes!$A:$A,Lotes!$C:$C))} -> A2416/J2267 | F3: {=XLOOKUP($A3,Lotes!$A:$A,Lotes!$D:$D)} -> 01/29
C4: 11802150 | E4: {=CONCATENATE(XLOOKUP($A4,Lotes!$A:$A,Lotes!$C:$C),"/",XLOOKUP($B4,Lotes!$A:$A,Lotes!$C:$C))} -> #N/A | F4: {=XLOOKUP($A4,Lotes!$A:$A,Lotes!$D:$D)} -> #N/A
A5: 10139260 | C5: 10139274 | D5: KIT AROMATIZADOR ELETRICO + BARRA DE CERA PERFUMADA FIGO AMBARADO 40G | E5: {=XLOOKUP($A5,Lotes!$A:$A,Lotes!$C:$C)} -> 2025210BLEFA | F5: {=XLOOKUP($A5,Lotes!$A:$A,Lotes!$D:$D)} -> 02/27
A6: 10134060 | C6: 10134074 | D6: KIT AROMATIZADOR ELETRICO + BARRA DE CERA PERFUMADA FLOR DE LARANJEIRA 40G | E6: {=XLOOKUP($A6,Lotes!$A:$A,Lotes!$C:$C)} -> 20252207BLEFL | F6: {=XLOOKUP($A6,Lotes!$A:$A,Lotes!$D:$D)} -> 07/27
A7: 1013747460 | C7: 10137474 | D7: KIT AROMATIZADOR ELETRICO + BARRA DE CERA PERFUMADA MAGNOLIA PACIFICA 40G | E7: {=XLOOKUP($A7,Lotes!$A:$A,Lotes!$C:$C)} -> 20252207BLEMA | F7: {=XLOOKUP($A7,Lotes!$A:$A,Lotes!$D:$D)} -> 07/27
A8: 10131860 | C8: 10131874 | D8: KIT AROMATIZADOR ELETRICO + BARRA DE CERA PERFUMADA SUNSET ROSE 40G | E8: {=XLOOKUP($A8,Lotes!$A:$A,Lotes!$C:$C)} -> 20252602BLESR | F8: {=XLOOKUP($A8,Lotes!$A:$A,Lotes!$D:$D)} -> 02/27
A9: 114063020 | C9: 14099020 | D9: KIT AROMATIZADOR ELETRICO + OLEO CONCENTRADO FIGO AMBARADO - 20ML | E9: {=XLOOKUP($A9,Lotes!$A:$A,Lotes!$C:$C)} -> OLFA2506 | F9: {=XLOOKUP($A9,Lotes!$A:$A,Lotes!$D:$D)} -> 06/27
A10: 114067020 | C10: 14097920 | D10: KIT AROMATIZADOR ELETRICO + OLEO CONCENTRADO FLOR DE LANJEIRA - 20ML | E10: {=XLOOKUP($A10,Lotes!$A:$A,Lotes!$C:$C)} -> OLFL2510 | F10: {=XLOOKUP($A10,Lotes!$A:$A,Lotes!$D:$D)} -> 10/27
A11: 114049020 | C11: 14090020 | D11: KIT AROMATIZADOR ELETRICO + OLEO CONCENTRADO INTO THE NIGHT - 20ML | E11: {=XLOOKUP($A11,Lotes!$A:$A,Lotes!$C:$C)} -> OLIN2508 | F11: {=XLOOKUP($A11,Lotes!$A:$A,Lotes!$D:$D)} -> 08/27
A12: 114020020 | C12: 14012020 | D12: KIT AROMATIZADOR ELETRICO + OLEO CONCENTRADO LAVANDA ABSOLUTA - 20ML | E12: {=XLOOKUP($A12,Lotes!$A:$A,Lotes!$C:$C)} -> OLLA2511 | F12: {=XLOOKUP($A12,Lotes!$A:$A,Lotes!$D:$D)} -> 11/27
A13: 114022020 | C13: 14093020 | D13: KIT AROMATIZADOR ELETRICO + OLEO CONCENTRADO MAGNOLIA PACIFICA - 20ML | E13: {=XLOOKUP($A13,Lotes!$A:$A,Lotes!$C:$C)} -> OLMP2512 | F13: {=XLOOKUP($A13,Lotes!$A:$A,Lotes!$D:$D)} -> 12/27
A14: 114074020 | C14: 14090220 | D14: KIT AROMATIZADOR ELETRICO + OLEO CONCENTRADO MANDARINA CEYLON - 20ML | E14: {=XLOOKUP($A14,Lotes!$A:$A,Lotes!$C:$C)} -> OLMC | F14: {=XLOOKUP($A14,Lotes!$A:$A,Lotes!$D:$D)} -> 12/27
A15: 114032020 | C15: 14093320 | D15: KIT AROMATIZADOR ELETRICO + OLEO CONCENTRADO PATCHOULI VANILLA - 20ML | E15: {=XLOOKUP($A15,Lotes!$A:$A,Lotes!$C:$C)} -> OLPV2510 | F15: {=XLOOKUP($A15,Lotes!$A:$A,Lotes!$D:$D)} -> 10/27
A16: 114061020 | C16: 14098020 | D16: KIT AROMATIZADOR ELETRICO + OLEO CONCENTRADO SUNSET ROSE - 20ML | E16: {=XLOOKUP($A16,Lotes!$A:$A,Lotes!$C:$C)} -> OLSR2510 | F16: {=XLOOKUP($A16,Lotes!$A:$A,Lotes!$D:$D)} -> 10/27
... A30: 1013747460 | C30: 14109640 | D30: KIT MAGNOLIA BARRA DE CERA 40G 10 UN | E30: {=XLOOKUP($A30,Lotes!$A:$A,Lotes!$C:$C)} -> 20252207BLEMA | F30: {=XLOOKUP($A30,Lotes!$A:$A,Lotes!$D:$D)} -> 07/27
